"행정구역별(시도)","다문화가구 구성별",2018,2018,2018,2018,2018,2018,2018,2018,2019,2019,2019,2019,2019,2019,2019,2019,2020,2020,2020,2020,2020,2020,2020,2020,2021,2021,2021,2021,2021,2021,2021,2021,2022,2022,2022,2022,2022,2022,2022,2022
"행정구역별(시도)","다문화가구 구성별",총 다문화 가구_계,주택_계,주택_단독주택,주택_아파트,주택_연립주택,주택_다세대주택,주택_비거주용 건물 내 주택,주택이외의 거처,총 다문화 가구_계,주택_계,주택_단독주택,주택_아파트,주택_연립주택,주택_다세대주택,주택_비거주용 건물 내 주택,주택이외의 거처,총 다문화 가구_계,주택_계,주택_단독주택,주택_아파트,주택_연립주택,주택_다세대주택,주택_비거주용 건물 내 주택,주택이외의 거처,총 다문화 가구_계,주택_계,주택_단독주택,주택_아파트,주택_연립주택,주택_다세대주택,주택_비거주용 건물 내 주택,주택이외의 거처,총 다문화 가구_계,주택_계,주택_단독주택,주택_아파트,주택_연립주택,주택_다세대주택,주택_비거주용 건물 내 주택,주택이외의 거처
"전국","계",334856,320964,132808,127805,8208,46873,5270,13892,353803,339056,133266,141843,8633,49977,5337,14747,367775,351212,129921,154525,9184,52312,5270,16563,385219,366947,132121,164739,9860,54648,5579,18272,399396,379625,133057,174030,10318,56586,5634,19771
"전국","내국인(귀화)",60707,56783,27891,15807,1253,10626,1206,3924,62945,58803,27585,17522,1295,11210,1191,4142,68086,63328,27980,20246,1479,12441,1182,4758,74247,68947,29678,22857,1675,13425,1312,5300,77418,71737,29806,24853,1825,13945,1308,5681
"전국","내국인(출생)+내국인(귀화)",77281,75611,26039,35220,2113,11402,837,1670,81285,79504,26225,38304,2224,11888,863,1781,85068,83115,26137,41400,2296,12400,882,1953,88809,86696,26311,44265,2379,12821,920,2113,93680,91429,27013,47562,2536,13350,968,2251
"전국","내국인(출생)+외국인(결혼이민자)",120283,115740,41693,54208,3170,15001,1668,4543,124514,119820,41147,58087,3187,15757,1642,4694,131834,126294,40590,64082,3455,16457,1710,5540,125932,120465,34703,64478,3492,16322,1470,5467,125109,119458,33310,65171,3515,16011,1451,5651
"전국","내국인(출생)+다문화자녀",31236,30383,11683,14045,853,3314,488,853,35913,34882,12505,17073,981,3791,532,1031,38347,37166,13411,17898,1037,4268,552,1181,41955,40671,14833,19576,1190,4447,625,1284,44488,43040,15306,21148,1225,4732,629,1448
"전국","내국인(귀화)+외국인(결혼이민자)",16118,15178,6019,4762,430,3751,216,940,18084,17018,6190,5912,480,4193,243,1066,20076,18733,6437,7011,569,4457,259,1343,20086,18611,5653,7590,578,4550,240,1475,23312,21579,6468,8957,652,5215,287,1733
"전국","기타",29231,27269,19483,3763,389,2779,855,1962,31062,29029,19614,4945,466,3138,866,2033,24364,22576,15366,3888,348,2289,685,1788,34190,31557,20943,5973,546,3083,1012,2633,35389,32382,21154,6339,565,3333,991,3007
"읍부","계",39055,37878,14217,18289,1406,3324,642,1177,42009,40892,14548,20462,1523,3709,650,1117,44908,43726,14980,22382,1649,4060,655,1182,48066,46744,15506,24332,1797,4411,698,1322,49296,47896,15738,25412,1886,4141,719,1400
"읍부","내국인(귀화)",4729,4465,1717,2025,149,457,117,264,5123,4894,1792,2305,174,515,108,229,5807,5581,1947,2709,212,602,111,226,6629,6393,2200,3149,233,696,115,236,7172,6893,2280,3527,262,704,120,279
"읍부","내국인(출생)+내국인(귀화)",10728,10559,3346,5785,397,919,112,169,11653,11474,3453,6412,451,1022,136,179,12374,12183,3515,6944,482,1098,144,191,13137,12924,3620,7451,513,1183,157,213,13785,13559,3766,7956,560,1107,170,226
"읍부","내국인(출생)+외국인(결혼이민자)",15493,15093,5460,7460,611,1330,232,400,16254,15899,5530,8119,608,1418,224,355,17244,16857,5634,8807,638,1564,214,387,16758,16415,4977,9034,659,1557,188,343,16138,15771,4709,8878,654,1354,176,367
"읍부","내국인(출생)+다문화자녀",4013,3907,1635,1770,157,277,68,106,4386,4266,1682,2021,167,330,66,120,4756,4619,1783,2209,178,365,84,137,5390,5213,1978,2536,209,399,91,177,5729,5533,2138,2699,207,391,98,196
"읍부","내국인(귀화)+외국인(결혼이민자)",1540,1501,534,724,41,171,31,39,1797,1764,582,881,52,215,34,33,2155,2106,630,1111,77,251,37,49,2278,2225,598,1214,89,293,31,53,2544,2492,685,1352,94,317,44,52
"읍부","기타",2552,2353,1525,525,51,170,82,199,2796,2595,1509,724,71,209,82,201,2572,2380,1471,602,62,180,65,192,3874,3574,2133,948,94,283,116,300,3928,3648,2160,1000,109,268,111,280
"면부","계",37720,35934,26946,6338,592,1476,582,1786,38777,37053,27399,6896,577,1604,577,1724,39323,37547,27316,7314,657,1672,588,1776,40320,38523,27532,7842,714,1817,618,1797,41043,39155,27820,7971,783,1936,645,1888
"면부","내국인(귀화)",3126,2841,1742,754,63,201,81,285,3071,2829,1715,747,64,234,69,242,3253,2978,1751,856,72,224,75,275,3723,3432,2035,974,87,261,75,291,4091,3789,2271,1041,99,301,77,302
"면부","내국인(출생)+내국인(귀화)",11560,11221,8677,1887,157,377,123,339,11954,11620,8878,2052,145,420,125,334,12373,12022,9068,2194,162,459,139,351,12630,12265,9131,2331,179,480,144,365,13263,12872,9555,2451,189,524,153,391
"면부","내국인(출생)+외국인(결혼이민자)",15329,14722,10950,2652,291,599,230,607,15379,14794,10838,2834,265,637,220,585,15359,14727,10564,2996,284,657,226,632,14053,13560,9389,3033,283,643,212,493,13166,12697,8692,2850,303,639,213,469
"면부","내국인(출생)+다문화자녀",4812,4629,3835,563,38,126,67,183,5151,4948,4043,641,47,138,79,203,5469,5258,4255,704,66,150,83,211,6089,5841,4733,767,81,170,90,248,6378,6104,4903,826,91,188,96,274
"면부","내국인(귀화)+외국인(결혼이민자)",760,721,382,226,19,81,13,39,925,888,457,295,28,87,21,37,947,896,427,314,34,97,24,51,1038,992,429,373,38,125,27,46,1136,1075,447,409,46,154,19,61
"면부","기타",2133,1800,1360,256,24,92,68,333,2297,1974,1468,327,28,88,63,323,1922,1666,1251,250,39,85,41,256,2787,2433,1815,364,46,138,70,354,3009,2618,1952,394,55,130,87,391
"동부","계",258081,247152,91645,103178,6210,42073,4046,10929,273017,261111,91319,114485,6533,44664,4110,11906,283544,269939,87625,124829,6878,46580,4027,13605,296833,281680,89083,132565,7349,48420,4263,15153,309057,292574,89499,140647,7649,50509,4270,16483
"동부","내국인(귀화)",52852,49477,24432,13028,1041,9968,1008,3375,54751,51080,24078,14470,1057,10461,1014,3671,59026,54769,24282,16681,1195,11615,996,4257,63895,59122,25443,18734,1355,12468,1122,4773,66155,61055,25255,20285,1464,12940,1111,5100
"동부","내국인(출생)+내국인(귀화)",54993,53831,14016,27548,1559,10106,602,1162,57678,56410,13894,29840,1628,10446,602,1268,60321,58910,13554,32262,1652,10843,599,1411,63042,61507,13560,34483,1687,11158,619,1535,66632,64998,13692,37155,1787,11719,645,1634
"동부","내국인(출생)+외국인(결혼이민자)",89461,85925,25283,44096,2268,13072,1206,3536,92881,89127,24779,47134,2314,13702,1198,3754,99231,94710,24392,52279,2533,14236,1270,4521,95121,90490,20337,52411,2550,14122,1070,4631,95805,90990,19909,53443,2558,14018,1062,4815
"동부","내국인(출생)+다문화자녀",22411,21847,6213,11712,658,2911,353,564,26376,25668,6780,14411,767,3323,387,708,28122,27289,7373,14985,793,3753,385,833,30476,29617,8122,16273,900,3878,444,859,32381,31403,8265,17623,927,4153,435,978
"동부","내국인(귀화)+외국인(결혼이민자)",13818,12956,5103,3812,370,3499,172,862,15362,14366,5151,4736,400,3891,188,996,16974,15731,5380,5586,458,4109,198,1243,16770,15394,4626,6003,451,4132,182,1376,19632,18012,5336,7196,512,4744,224,1620
"동부","기타",24546,23116,16598,2982,314,2517,705,1430,25969,24460,16637,3894,367,2841,721,1509,19870,18530,12644,3036,247,2024,579,1340,27529,25550,16995,4661,406,2662,826,1979,28452,26116,17042,4945,401,2935,793,2336
"서울특별시","계",67790,65185,30016,17380,1583,14914,1292,2605,69738,67061,29578,18698,1668,15843,1274,2677,69790,66840,27058,20105,1680,16787,1210,2950,71337,68205,26734,21148,1756,17322,1245,3132,72949,69548,26154,22544,1848,17792,1210,3401
"서울특별시","내국인(귀화)",19243,18365,10920,2693,285,4047,420,878,19317,18434,10668,2850,275,4205,436,883,20085,19093,10585,3136,314,4645,413,992,21010,19937,10810,3413,334,4922,458,1073,20889,19714,10314,3667,372,4944,417,1175
"서울특별시","내국인(출생)+내국인(귀화)",11173,10940,3809,3312,362,3305,152,233,11152,10935,3590,3441,378,3393,133,217,11321,11096,3384,3625,361,3602,124,225,11687,11442,3316,3884,381,3739,122,245,11966,11729,3233,4153,404,3812,127,237
"서울특별시","내국인(출생)+외국인(결혼이민자)",20720,19815,6302,8037,588,4578,310,905,20846,19902,6062,8099,611,4835,295,944,22801,21722,6092,9390,665,5221,354,1079,21525,20487,4900,9477,662,5180,268,1038,21931,20869,4783,9986,665,5158,277,1062
"서울특별시","내국인(출생)+다문화자녀",4988,4845,1275,2292,203,983,92,143,6134,5969,1442,3000,229,1191,107,165,6198,6000,1582,2805,207,1311,95,198,6413,6231,1653,2917,220,1340,101,182,6702,6499,1674,3107,234,1390,94,203
"서울특별시","내국인(귀화)+외국인(결혼이민자)",3825,3711,1779,571,61,1234,66,114,3997,3873,1720,652,70,1378,53,124,4292,4153,1813,773,84,1427,56,139,3749,3611,1352,769,79,1372,39,138,4589,4428,1696,945,88,1639,60,161
"서울특별시","기타",7841,7509,5931,475,84,767,252,332,8292,7948,6096,656,105,841,250,344,5093,4776,3602,376,49,581,168,317,6953,6497,4703,688,80,769,257,456,6872,6309,4454,686,85,849,235,563
"부산광역시","계",13589,13038,4565,6485,333,1444,211,551,14413,13836,4566,7227,352,1472,219,577,15158,14439,4465,7801,356,1580,237,719,15711,14934,4505,8216,355,1622,236,777,16202,15349,4379,8649,360,1729,232,853
"부산광역시","내국인(귀화)",1490,1384,609,526,27,190,32,106,1534,1422,620,565,31,173,33,112,1714,1560,639,646,38,204,33,154,1878,1714,706,716,44,213,35,164,1982,1802,689,796,41,240,36,180
"부산광역시","내국인(출생)+내국인(귀화)",3415,3342,995,1809,87,417,34,73,3588,3515,1019,1935,102,421,38,73,3817,3738,1031,2123,95,442,47,79,3925,3851,1034,2248,91,440,38,74,4118,4041,1012,2425,101,462,41,77
"부산광역시","내국인(출생)+외국인(결혼이민자)",5750,5505,1699,2970,156,596,84,245,5848,5587,1595,3193,144,577,78,261,6153,5833,1483,3516,146,607,81,320,5866,5552,1181,3602,139,556,74,314,5723,5396,1067,3587,128,543,71,327
"부산광역시","내국인(출생)+다문화자녀",1747,1698,543,928,43,154,30,49,2007,1944,548,1128,55,183,30,63,2070,2012,556,1149,60,211,36,58,2184,2115,618,1191,55,215,36,69,2388,2315,653,1330,62,233,37,73
"부산광역시","내국인(귀화)+외국인(결혼이민자)",326,310,141,114,7,38,10,16,426,411,162,178,7,47,17,15,424,406,163,180,9,40,14,18,402,378,125,191,7,38,17,24,443,424,140,218,7,44,15,19
"부산광역시","기타",861,799,578,138,13,49,21,62,1010,957,622,228,13,71,23,53,980,890,593,187,8,76,26,90,1456,1324,841,268,19,160,36,132,1548,1371,818,293,21,207,32,177
"대구광역시","계",9728,9567,4386,4242,107,658,174,161,10332,10153,4482,4683,113,708,167,179,10919,10719,4645,5038,121,731,184,200,11388,11165,4859,5226,122,769,189,223,11868,11635,4967,5576,116,796,180,233
"대구광역시","내국인(귀화)",1080,1051,675,297,12,42,25,29,1129,1098,688,331,13,43,23,31,1196,1161,707,370,14,48,22,35,1314,1269,773,400,11,63,22,45,1423,1375,797,468,12,74,24,48
"대구광역시","내국인(출생)+내국인(귀화)",2355,2335,837,1209,30,229,30,20,2508,2485,871,1311,26,247,30,23,2699,2676,909,1441,29,263,34,23,2818,2794,921,1538,29,268,38,24,2982,2953,948,1666,26,275,38,29
"대구광역시","내국인(출생)+외국인(결혼이민자)",3916,3853,1509,1957,46,272,69,63,4093,4023,1511,2123,48,276,65,70,4168,4086,1467,2225,49,271,74,82,3850,3774,1236,2165,44,258,71,76,3816,3741,1216,2178,46,241,60,75
"대구광역시","내국인(출생)+다문화자녀",1193,1176,469,593,13,85,16,17,1340,1318,504,679,18,101,16,22,1446,1428,541,751,18,105,13,18,1633,1607,632,811,25,120,19,26,1728,1700,637,894,19,131,19,28
"대구광역시","내국인(귀화)+외국인(결혼이민자)",316,311,192,94,5,11,9,5,392,389,237,120,7,17,8,X,435,429,253,140,7,20,9,6,424,417,221,150,8,30,8,7,471,466,238,176,8,35,9,5
"대구광역시","기타",868,841,704,92,X,19,25,27,870,840,671,119,X,24,25,30,975,939,768,111,X,24,32,36,1349,1304,1076,162,5,30,31,45,1448,1400,1131,194,5,40,30,48
"인천광역시","계",22276,19537,3931,8788,668,5940,210,2739,24084,20806,3884,9762,751,6178,231,3278,25449,21773,3918,10414,851,6364,226,3676,27075,22836,3910,11257,932,6501,236,4239,28657,24047,3946,12279,1012,6579,231,4610
"인천광역시","내국인(귀화)",4692,3697,950,1300,162,1234,51,995,5151,3987,974,1469,182,1306,56,1164,5717,4399,977,1702,216,1446,58,1318,6315,4813,1045,1953,237,1517,61,1502,6732,5135,1072,2151,243,1613,56,1597
"인천광역시","내국인(출생)+내국인(귀화)",5026,4698,591,2386,145,1545,31,328,5278,4879,584,2541,169,1547,38,399,5545,5093,598,2731,184,1545,35,452,5774,5265,583,2920,192,1537,33,509,6197,5645,611,3231,207,1569,27,552
"인천광역시","내국인(출생)+외국인(결혼이민자)",7557,6901,1201,3445,203,1989,63,656,7970,7225,1174,3720,220,2039,72,745,8366,7472,1149,3952,255,2049,67,894,8356,7335,961,4060,273,1984,57,1021,8411,7363,950,4208,287,1861,57,1048
"인천광역시","내국인(출생)+다문화자녀",1742,1655,272,911,42,411,19,87,2096,1954,301,1110,56,465,22,142,2308,2154,358,1150,60,560,26,154,2447,2283,362,1232,81,577,31,164,2608,2415,347,1345,90,602,31,193
"인천광역시","내국인(귀화)+외국인(결혼이민자)",1619,1217,233,476,77,424,7,402,1843,1358,226,591,80,449,12,485,2077,1471,261,622,101,474,13,606,2200,1526,212,710,95,497,12,674,2598,1798,226,914,120,523,15,800
"인천광역시","기타",1640,1369,684,270,39,337,39,271,1746,1403,625,331,44,372,31,343,1436,1184,575,257,35,290,27,252,1983,1614,747,382,54,389,42,369,2111,1691,740,430,65,411,45,420
"광주광역시","계",6836,6723,2439,4035,96,72,81,113,7347,7224,2543,4415,109,76,81,123,7742,7600,2602,4721,112,79,86,142,8095,7947,2660,4992,128,89,78,148,8455,8266,2707,5225,150,96,88,189
"광주광역시","내국인(귀화)",879,859,437,387,16,12,7,20,919,890,436,415,16,13,10,29,957,927,449,447,9,12,10,30,1065,1037,472,522,14,19,10,28,1200,1164,502,609,22,17,14,36
"광주광역시","내국인(출생)+내국인(귀화)",1787,1773,463,1252,26,17,15,14,1957,1942,475,1400,36,19,12,15,2026,2010,479,1460,36,21,14,16,2102,2087,469,1552,28,20,18,15,2199,2183,487,1616,39,19,22,16
"광주광역시","내국인(출생)+외국인(결혼이민자)",2701,2652,854,1688,45,28,37,49,2833,2782,858,1809,41,34,40,51,2921,2859,820,1920,52,31,36,62,2732,2683,680,1894,58,26,25,49,2679,2616,639,1873,57,24,23,63
"광주광역시","내국인(출생)+다문화자녀",772,762,236,500,5,11,10,10,827,820,280,516,8,7,9,7,939,927,309,594,7,7,10,12,1009,993,347,613,14,10,9,16,1061,1041,322,683,17,9,10,20
"광주광역시","내국인(귀화)+외국인(결혼이민자)",214,207,92,108,X,X,X,7,260,254,113,132,6,X,X,6,309,304,127,167,X,X,6,5,325,319,117,192,6,X,X,6,344,337,125,199,6,X,X,7
"광주광역시","기타",483,470,357,100,X,X,8,13,551,536,381,143,X,X,7,15,590,573,418,133,X,8,10,17,862,828,575,219,8,14,12,34,972,925,632,245,9,24,15,47
"대전광역시","계",6607,6493,2491,3143,146,623,90,114,6942,6843,2641,3333,151,627,91,99,7407,7287,2841,3552,145,648,101,120,7738,7603,2930,3697,172,677,127,135,7957,7816,2967,3878,159,684,128,141
"대전광역시","내국인(귀화)",778,758,368,301,10,66,13,20,810,792,390,307,16,71,8,18,870,848,404,344,12,78,10,22,957,938,451,369,17,84,17,19,1010,993,460,405,22,84,22,17
"대전광역시","내국인(출생)+내국인(귀화)",1738,1728,578,901,47,182,20,10,1831,1821,587,962,51,198,23,10,1919,1904,590,1029,54,205,26,15,2010,1993,612,1076,59,215,31,17,2100,2078,618,1152,55,224,29,22
"대전광역시","내국인(출생)+외국인(결혼이민자)",2814,2757,962,1444,72,245,34,57,2884,2835,1009,1483,65,244,34,49,3008,2952,1027,1585,60,245,35,56,2800,2757,863,1556,60,240,38,43,2700,2655,815,1530,49,230,31,45
"대전광역시","내국인(출생)+다문화자녀",745,738,259,369,11,87,12,7,834,825,298,430,11,75,11,9,905,898,356,442,14,73,13,7,1007,991,365,503,25,78,20,16,1080,1066,387,560,22,79,18,14
"대전광역시","내국인(귀화)+외국인(결혼이민자)",129,125,60,49,X,9,5,X,168,167,79,71,X,8,5,X,183,181,78,83,X,12,X,X,192,187,78,91,X,14,X,5,212,206,73,109,X,19,X,6
"대전광역시","기타",403,387,264,79,X,34,6,16,415,403,278,80,X,31,10,12,522,504,386,69,X,35,13,18,772,737,561,102,7,46,21,35,855,818,614,122,7,48,27,37
"울산광역시","계",6558,6418,2618,3167,108,424,101,140,6867,6715,2514,3534,113,434,120,152,7079,6901,2435,3784,113,446,123,178,7268,7086,2446,3910,116,493,121,182,7402,7219,2445,3997,132,505,140,183
"울산광역시","내국인(귀화)",855,826,487,253,15,54,17,29,862,815,444,294,13,47,17,47,937,888,449,360,14,48,17,49,1009,964,465,402,15,63,19,45,1042,999,467,424,20,69,19,43
"울산광역시","내국인(출생)+내국인(귀화)",1698,1678,456,1060,29,118,15,20,1755,1733,429,1133,34,121,16,22,1854,1829,431,1196,36,148,18,25,1882,1859,429,1218,36,161,15,23,1953,1928,452,1249,40,166,21,25
"울산광역시","내국인(출생)+외국인(결혼이민자)",2532,2481,880,1345,43,174,39,51,2645,2597,837,1491,40,177,52,48,2680,2621,804,1585,36,153,43,59,2483,2424,649,1541,34,162,38,59,2451,2400,645,1520,34,151,50,51
"울산광역시","내국인(출생)+다문화자녀",661,648,256,325,14,40,13,13,757,740,270,396,14,48,12,17,803,779,293,402,16,55,13,24,929,908,342,476,20,56,14,21,977,948,329,514,22,66,17,29
"울산광역시","내국인(귀화)+외국인(결혼이민자)",268,262,128,109,5,18,X,6,308,303,141,130,6,18,8,5,332,324,145,144,6,18,11,8,321,314,127,149,7,24,7,7,358,349,137,164,11,30,7,9
"울산광역시","기타",544,523,411,75,X,20,15,21,540,527,393,90,6,23,15,13,473,460,313,97,5,24,21,13,644,617,434,124,X,27,28,27,621,595,415,126,5,23,26,26
"세종특별자치시","계",1397,1367,408,897,21,27,14,30,1535,1507,395,1051,18,29,14,28,1656,1621,411,1153,22,21,14,35,1781,1738,411,1252,26,32,17,43,1908,1870,448,1345,24,35,18,38
"세종특별자치시","내국인(귀화)",161,156,50,96,X,X,5,5,188,182,56,115,X,X,5,6,195,187,53,125,X,X,X,8,216,208,60,137,X,X,5,8,239,231,65,152,5,6,X,8
"세종특별자치시","내국인(출생)+내국인(귀화)",330,327,89,222,5,9,X,X,350,346,84,247,6,8,X,X,385,377,94,266,9,7,X,8,445,435,105,312,8,9,X,10,485,472,109,345,8,8,X,13
"세종특별자치시","내국인(출생)+외국인(결혼이민자)",628,617,159,437,10,7,X,11,680,670,156,497,6,7,X,10,746,734,158,560,6,6,X,12,725,716,125,566,8,12,5,9,739,732,125,588,6,10,X,7
"세종특별자치시","내국인(출생)+다문화자녀",152,148,50,94,X,X,X,X,175,173,45,123,X,X,X,X,178,176,48,122,X,X,X,X,210,204,48,149,X,X,X,6,235,232,59,166,X,X,X,X
"세종특별자치시","내국인(귀화)+외국인(결혼이민자)",47,46,14,30,X,X,X,X,60,59,17,38,X,X,X,X,76,75,19,52,X,X,X,X,66,64,17,42,X,X,X,X,76,74,19,51,X,X,X,X
"세종특별자치시","기타",79,73,46,18,X,8,X,6,82,77,37,31,X,8,X,5,76,72,39,28,X,X,X,X,119,111,56,46,X,6,X,8,134,129,71,43,X,8,6,5
"경기도","계",99008,94620,31637,39534,2690,19331,1428,4388,105779,101143,31281,44867,2690,20895,1410,4636,110592,105229,29483,49805,2902,21707,1332,5363,117478,111449,30429,53445,3129,23007,1439,6029,122458,115936,30757,56604,3233,23886,1456,6522
"경기도","내국인(귀화)",20551,19261,8302,5611,464,4515,369,1290,21664,20327,8103,6559,448,4872,345,1337,23931,22334,8231,7826,520,5418,339,1597,26319,24514,8774,8833,603,5927,377,1805,27277,25382,8757,9409,622,6190,404,1895
"경기도","내국인(출생)+내국인(귀화)",21272,20836,4683,10730,643,4589,191,436,22384,21913,4601,11653,623,4853,183,471,23445,22903,4415,12649,643,5011,185,542,24655,24030,4451,13495,669,5214,201,625,26044,25381,4521,14448,701,5494,217,663
"경기도","내국인(출생)+외국인(결혼이민자)",33039,31608,8496,15959,997,5764,392,1431,34791,33312,8357,17478,961,6138,378,1479,37695,35864,8380,19686,1042,6377,379,1831,37162,35324,7378,20070,1076,6477,323,1838,37697,35741,7301,20644,1113,6359,324,1956
"경기도","내국인(출생)+다문화자녀",7599,7389,1920,3923,248,1200,98,210,9097,8825,2111,4977,286,1338,113,272,9905,9572,2267,5308,327,1549,121,333,10860,10501,2545,5840,364,1621,131,359,11512,11092,2640,6220,370,1733,129,420
"경기도","내국인(귀화)+외국인(결혼이민자)",6642,6340,2124,2038,193,1908,77,302,7304,6965,2067,2484,208,2126,80,339,8233,7783,2067,3095,239,2296,86,450,8409,7889,1878,3300,235,2380,96,520,9741,9141,2164,3931,256,2692,98,600
"경기도","기타",9905,9186,6112,1273,145,1355,301,719,10539,9801,6042,1716,164,1568,311,738,7383,6773,4123,1241,131,1056,222,610,10073,9191,5403,1907,182,1388,311,882,10187,9199,5374,1952,171,1418,284,988
"강원도","계",7915,7695,4106,3040,232,150,167,220,8431,8201,4234,3398,224,167,178,230,8934,8702,4344,3749,250,172,187,232,9402,9181,4443,4086,274,176,202,221,9841,9585,4598,4295,286,200,206,256
"강원도","내국인(귀화)",737,698,347,293,19,16,23,39,772,739,344,329,20,19,27,33,864,827,371,382,22,22,30,37,1012,982,443,457,34,28,20,30,1143,1105,506,502,34,37,26,38
"강원도","내국인(출생)+내국인(귀화)",2583,2528,1334,1019,82,45,48,55,2698,2641,1356,1106,79,57,43,57,2873,2820,1408,1215,93,59,45,53,3001,2947,1408,1334,92,62,51,54,3216,3149,1475,1456,102,70,46,67
"강원도","내국인(출생)+외국인(결혼이민자)",3141,3072,1571,1282,94,69,56,69,3288,3211,1583,1414,87,71,56,77,3470,3381,1616,1540,97,67,61,89,3218,3146,1373,1551,101,62,59,72,3144,3069,1343,1519,93,63,51,75
"강원도","내국인(출생)+다문화자녀",953,926,539,319,28,14,26,27,1065,1036,579,386,26,14,31,29,1164,1137,598,461,27,19,32,27,1322,1293,697,516,32,14,34,29,1405,1374,717,557,40,16,44,31
"강원도","내국인(귀화)+외국인(결혼이민자)",88,87,34,49,X,X,X,X,139,136,54,77,X,X,X,X,134,129,47,72,X,X,X,5,147,145,48,87,X,X,X,X,171,162,54,95,5,X,X,9
"강원도","기타",413,384,281,78,6,6,13,29,469,438,318,86,11,X,19,31,429,408,304,79,7,X,16,21,702,668,474,141,11,8,34,34,762,726,503,166,12,10,35,36
"충청북도","계",10654,10394,4730,4875,246,368,175,260,11342,11118,4867,5397,283,403,168,224,12002,11772,4984,5915,286,412,175,230,12636,12387,5106,6348,298,442,193,249,13194,12910,5255,6658,311,489,197,284
"충청북도","내국인(귀화)",1369,1317,577,641,29,45,25,52,1387,1351,604,637,28,58,24,36,1506,1472,624,721,34,65,28,34,1686,1640,667,835,29,77,32,46,1818,1763,675,922,40,93,33,55
"충청북도","내국인(출생)+내국인(귀화)",3006,2966,1218,1521,82,108,37,40,3222,3190,1256,1692,87,117,38,32,3426,3390,1310,1835,87,123,35,36,3583,3551,1332,1941,92,137,49,32,3930,3886,1452,2132,101,148,53,44
"충청북도","내국인(출생)+외국인(결혼이민자)",4267,4173,1865,1989,95,155,69,94,4478,4399,1876,2178,117,161,67,79,4641,4547,1828,2379,110,155,75,94,4405,4325,1619,2394,110,135,67,80,4261,4182,1558,2321,109,139,55,79
"충청북도","내국인(출생)+다문화자녀",1034,1016,515,424,22,36,19,18,1136,1111,561,475,23,38,14,25,1290,1267,632,556,27,36,16,23,1464,1431,700,642,30,40,19,33,1565,1537,746,691,29,45,26,28
"충청북도","내국인(귀화)+외국인(결혼이민자)",311,306,133,151,9,8,5,5,368,363,138,199,11,8,7,5,428,425,143,244,18,12,8,X,472,466,148,274,20,19,5,6,538,529,157,326,13,25,8,9
"충청북도","기타",667,616,422,149,9,16,20,51,751,704,432,216,17,21,18,47,711,671,447,180,10,21,13,40,1026,974,640,262,17,34,21,52,1082,1013,667,266,19,39,22,69
"충청남도","계",16672,16115,7096,7605,382,785,247,557,17688,17138,7345,8262,435,828,268,550,18514,17940,7357,8985,461,885,252,574,19648,19017,7595,9661,528,943,290,631,20658,19988,7820,10329,570,987,282,670
"충청남도","내국인(귀화)",2265,2150,802,1108,61,124,55,115,2322,2210,832,1131,63,131,53,112,2553,2426,888,1262,74,147,55,127,2896,2749,990,1443,81,172,63,147,3195,3040,1087,1610,101,184,58,155
"충청남도","내국인(출생)+내국인(귀화)",4259,4171,1821,2003,98,208,41,88,4535,4451,1873,2199,114,214,51,84,4827,4742,1928,2431,111,222,50,85,5165,5074,1983,2660,133,247,51,91,5565,5471,2106,2901,154,257,53,94
"충청남도","내국인(출생)+외국인(결혼이민자)",6713,6526,2816,3198,147,288,77,187,7124,6932,2918,3454,166,307,87,192,7276,7072,2786,3691,176,332,87,204,6938,6742,2472,3691,173,314,92,196,6751,6557,2272,3714,169,316,86,194
"충청남도","내국인(출생)+다문화자녀",1654,1603,844,636,31,69,23,51,1766,1722,884,699,45,70,24,44,1941,1886,934,800,46,78,28,55,2144,2079,1038,864,58,86,33,65,2348,2277,1119,967,58,100,33,71
"충청남도","내국인(귀화)+외국인(결혼이민자)",591,570,165,342,19,36,8,21,682,660,180,405,23,44,8,22,775,751,180,479,29,52,11,24,865,845,180,558,42,53,12,20,982,955,208,628,44,58,17,27
"충청남도","기타",1190,1095,648,318,26,60,43,95,1259,1163,658,374,24,62,45,96,1142,1063,641,322,25,54,21,79,1640,1528,932,445,41,71,39,112,1817,1688,1028,509,44,72,35,129
"전라북도","계",12103,11790,6110,5094,231,192,163,313,12554,12267,6135,5508,257,184,183,287,13207,12860,6185,5982,298,210,185,347,13661,13298,6267,6308,320,216,187,363,14056,13696,6365,6537,339,257,198,360
"전라북도","내국인(귀화)",1201,1156,530,542,22,40,22,45,1192,1162,507,583,28,26,18,30,1342,1303,547,666,39,29,22,39,1531,1488,642,752,41,25,28,43,1747,1702,740,838,55,43,26,45
"전라북도","내국인(출생)+내국인(귀화)",3502,3439,1749,1532,74,43,41,63,3795,3737,1828,1732,82,51,44,58,3976,3906,1819,1891,87,64,45,70,4083,4011,1824,1978,94,67,48,72,4290,4221,1907,2095,94,79,46,69
"전라북도","내국인(출생)+외국인(결혼이민자)",4998,4878,2487,2163,92,66,70,120,4936,4824,2384,2203,101,60,76,112,5090,4948,2326,2367,111,73,71,142,4700,4585,1996,2351,108,73,57,115,4503,4392,1858,2288,115,65,66,111
"전라북도","내국인(출생)+다문화자녀",1483,1443,820,557,25,28,13,40,1573,1531,856,596,28,29,22,42,1702,1659,880,688,39,26,26,43,1888,1842,991,759,42,26,24,46,1938,1887,990,802,39,34,22,51
"전라북도","내국인(귀화)+외국인(결혼이민자)",236,229,95,123,5,X,X,7,325,315,133,165,6,7,X,10,323,310,125,173,5,X,X,13,356,344,127,201,6,8,X,12,403,390,146,220,9,9,6,13
"전라북도","기타",683,645,429,177,13,12,14,38,733,698,427,229,12,11,19,35,774,734,488,197,17,14,18,40,1103,1028,687,267,29,17,28,75,1175,1104,724,294,27,27,32,71
"전라남도","계",13342,12921,7591,4721,219,177,213,421,14069,13669,7867,5135,244,186,237,400,14626,14185,7918,5565,265,193,244,441,15307,14833,7995,6081,297,205,255,474,15666,15169,8022,6361,302,237,247,497
"전라남도","내국인(귀화)",1087,1026,515,443,26,18,24,61,1147,1098,536,479,31,19,33,49,1302,1246,580,573,32,25,36,56,1502,1438,639,685,43,29,42,64,1673,1597,704,774,43,35,41,76
"전라남도","내국인(출생)+내국인(귀화)",4025,3927,2290,1473,59,62,43,98,4409,4312,2452,1654,79,68,59,97,4538,4447,2470,1774,81,65,57,91,4688,4588,2451,1941,79,65,52,100,4947,4845,2562,2067,83,74,59,102
"전라남도","내국인(출생)+외국인(결혼이민자)",5516,5373,3142,2006,86,61,78,143,5665,5522,3194,2087,91,65,85,143,5806,5640,3183,2215,103,65,74,166,5379,5245,2781,2227,111,67,59,134,5133,4996,2566,2206,107,64,53,137
"전라남도","내국인(출생)+다문화자녀",1772,1723,1082,546,36,24,35,49,1802,1756,1075,605,28,20,28,46,1921,1859,1121,651,30,19,38,62,2197,2128,1278,744,36,22,48,69,2285,2215,1309,801,35,27,43,70
"전라남도","내국인(귀화)+외국인(결혼이민자)",216,211,91,107,7,X,5,5,265,262,100,143,6,6,7,X,301,293,91,178,8,9,7,8,312,305,98,187,8,8,X,7,372,361,129,200,12,13,7,11
"전라남도","기타",726,661,471,146,5,11,28,65,781,719,510,167,9,8,25,62,758,700,473,174,11,10,32,58,1229,1129,748,297,20,14,50,100,1256,1155,752,313,22,24,44,101
"경상북도","계",15560,15141,8402,5450,374,654,261,419,16435,15996,8532,6100,391,711,262,439,17241,16792,8705,6638,438,739,272,449,18058,17594,8920,7137,466,790,281,464,18691,18172,9119,7437,477,842,297,519
"경상북도","내국인(귀화)",1484,1424,818,455,39,79,33,60,1590,1524,846,515,47,83,33,66,1754,1690,908,604,51,89,38,64,2014,1947,1029,714,56,100,48,67,2222,2141,1129,790,59,116,47,81
"경상북도","내국인(출생)+내국인(귀화)",4418,4347,2219,1746,123,208,51,71,4740,4647,2282,1960,122,220,63,93,5107,5001,2389,2172,144,231,65,106,5379,5276,2440,2377,146,247,66,103,5645,5530,2473,2565,162,265,65,115
"경상북도","내국인(출생)+외국인(결혼이민자)",6356,6199,3307,2382,156,245,109,157,6445,6304,3231,2569,145,261,98,141,6478,6339,3049,2757,165,264,104,139,6056,5943,2702,2725,167,267,82,113,5760,5633,2552,2582,152,263,84,127
"경상북도","내국인(출생)+다문화자녀",1897,1844,1077,622,31,73,41,53,2134,2077,1165,747,40,85,40,57,2276,2210,1254,775,51,94,36,66,2485,2410,1340,866,60,101,43,75,2666,2578,1410,961,56,105,46,88
"경상북도","내국인(귀화)+외국인(결혼이민자)",431,421,254,130,10,22,5,10,498,487,282,153,18,26,8,11,581,566,322,188,17,31,8,15,622,613,325,226,15,38,9,9,702,690,339,269,18,50,14,12
"경상북도","기타",974,906,727,115,15,27,22,68,1028,957,726,156,19,36,20,71,1045,986,783,142,10,30,21,59,1502,1405,1084,229,22,37,33,97,1696,1600,1216,270,30,43,41,96
"경상남도","계",20135,19574,9810,8433,395,600,336,561,21175,20637,9815,9423,419,655,325,538,22044,21488,9874,10170,441,684,319,556,22906,22334,10080,10747,472,695,340,572,23476,22879,10232,11042,491,754,360,597
"경상남도","내국인(귀화)",2271,2176,1279,736,30,67,64,95,2317,2239,1298,800,36,59,46,78,2481,2393,1312,913,41,80,47,88,2754,2658,1425,1037,58,90,48,96,3010,2909,1542,1133,70,109,55,101
"경상남도","내국인(출생)+내국인(귀화)",5691,5598,2362,2837,130,202,67,93,5974,5884,2337,3111,141,221,74,90,6086,5994,2238,3302,138,239,77,92,6335,6248,2268,3519,143,237,81,87,6703,6611,2358,3762,146,253,92,92
"경상남도","내국인(출생)+외국인(결혼이민자)",7474,7278,3273,3485,169,223,128,196,7717,7522,3205,3799,158,248,112,195,8081,7891,3176,4187,182,236,110,190,7395,7213,2637,4091,172,216,97,182,7052,6880,2491,3905,170,215,99,172
"경상남도","내국인(출생)+다문화자녀",2312,2262,1217,905,49,61,30,50,2584,2523,1268,1091,59,65,40,61,2701,2637,1345,1135,52,68,37,64,3063,2997,1506,1308,62,75,46,66,3217,3140,1547,1404,66,87,36,77
"경상남도","내국인(귀화)+외국인(결혼이민자)",733,717,435,244,9,21,8,16,906,891,493,334,10,35,19,15,1010,990,553,374,15,34,14,20,1067,1046,547,415,22,43,19,21,1136,1113,560,465,22,47,19,23
"경상남도","기타",1654,1543,1244,226,8,26,39,111,1677,1578,1214,288,15,27,34,99,1685,1583,1250,259,13,27,34,102,2292,2172,1697,377,15,34,49,120,2358,2226,1734,373,17,43,59,132
"제주특별자치도","계",4686,4386,2472,916,377,514,107,300,5072,4742,2587,1050,415,581,109,330,5415,5064,2696,1148,443,654,123,351,5730,5340,2831,1228,469,669,143,390,5958,5540,2876,1274,508,718,164,418
"제주특별자치도","내국인(귀화)",564,479,225,125,32,76,21,85,644,533,239,143,45,82,24,111,682,574,256,169,45,84,20,108,769,651,287,189,54,94,27,118,816,685,300,203,64,91,27,131
"제주특별자치도","내국인(출생)+내국인(귀화)",1003,978,545,208,91,115,19,25,1109,1073,601,227,95,133,17,36,1224,1189,644,260,108,153,24,35,1277,1245,685,272,107,156,25,32,1340,1306,689,299,113,175,30,34
"제주특별자치도","내국인(출생)+외국인(결혼이민자)",2161,2052,1170,421,171,241,49,109,2271,2173,1197,490,186,257,43,98,2454,2333,1246,527,200,305,55,121,2342,2214,1150,517,196,293,58,128,2358,2236,1129,522,215,309,61,122
"제주특별자치도","내국인(출생)+다문화자녀",532,507,309,101,50,38,9,25,586,558,318,115,53,61,11,28,600,565,337,109,54,55,10,35,700,658,371,145,63,65,14,42,773,724,420,146,64,73,21,49
"제주특별자치도","내국인(귀화)+외국인(결혼이민자)",126,108,49,27,15,16,X,18,143,125,48,40,16,20,X,18,163,143,50,47,18,24,X,20,157,142,53,48,17,22,X,15,176,156,57,47,27,23,X,20
"제주특별자치도","기타",300,262,174,34,18,28,8,38,319,280,184,35,20,28,13,39,292,260,163,36,18,33,10,32,485,430,285,57,32,39,17,55,495,433,281,57,25,47,23,62
